{"cameraMode":{"drawMode":0,"name":"Shaded","section":"Shading Mode"},"sceneLighting":true,"audioPlay":false,"sceneViewState":{"m_AlwaysRefresh":false,"showFog":true,"showSkybox":true,"showFlares":true,"showImageEffects":true,"showParticleSystems":true,"showVisualEffectGraphs":true,"m_FxEnabled":true},"in2DMode":false,"pivot":{"x":-3.522347927093506,"y":0.035841796547174457,"z":-21.760290145874025},"rotation":{"x":-0.006919790990650654,"y":-0.9922846555709839,"z":0.06528522819280625,"w":-0.10518018901348114},"size":1.3374520540237427,"orthographic":true}